Text,People,Organizations,Locations,Date,Event,Domain
Marissa Mayer announced a new edge computing at SpaceX.,Marissa Mayer,SpaceX,"Stockholm, Sweden",1856-08-04,edge computing,Technology
Apple released a quantum computing that improves edge computing.,Marissa Mayer,Apple,"Stockholm, Sweden",2017-01-20,quantum computing,Technology
"Records show battle happened in Rome, Italy around 1664-06-18.",Mahatma Gandhi,Roman Senate,"Rome, Italy",1664-06-18,battle,History
"Kamala Harris met leaders from Congress in Geneva, Switzerland to discuss policy announcement.",Kamala Harris,Congress,"Geneva, Switzerland",1806-11-08,policy announcement,Politics
Max Planck Institute announced a particle discovery that impacts genetics.,Rosalind Franklin,Max Planck Institute,"Geneva, Switzerland",1934-02-27,particle discovery,Science
A study on particle discovery led by Isaac Newton was published on 1991-04-05.,Isaac Newton,NASA,"Cambridge, UK",1991-04-05,particle discovery,Science
"Cristiano Ronaldo led Wimbledon to victory at the season opener in Melbourne, Australia.",Cristiano Ronaldo,Wimbledon,"Melbourne, Australia",2012-09-26,season opener,Sports
"George Washington Carver led trials of yield improvement study in Punjab, India.",George Washington Carver; Norman Borlaug,AgriTech Ltd,"Punjab, India",1549-12-14,yield improvement study,Agriculture
"Barack Obama announced policy changes regarding education at Washington, USA.",Barack Obama,Congress,"Washington, USA",1597-09-11,bill passage,Politics
"Angela Merkel met leaders from Parliament in New Delhi, India to discuss policy announcement.",Angela Merkel,Parliament,"New Delhi, India",1881-11-18,policy announcement,Politics
"Angela Merkel announced policy changes regarding healthcare at Geneva, Switzerland.",Angela Merkel,European Union,"Geneva, Switzerland",1932-01-15,policy announcement,Politics
"CIMMYT introduced a yield improvement study to improve yields in Iowa, USA.",M. S. Swaminathan,CIMMYT,"Iowa, USA",1970-06-16,yield improvement study,Agriculture
restructuring led to restructuring at Goldman Sachs.,Jamie Dimon,Goldman Sachs,"Mumbai, India",1536-07-14,restructuring,Business
"Leonardo da Vinci premiered a symphony at Vienna, Austria.",Leonardo da Vinci,Sydney Opera House,"Vienna, Austria",1876-11-12,symphony,Arts
"M.S. Dhoni led Wimbledon to victory at the season opener in London, UK.",M.S. Dhoni,Wimbledon,"London, UK",1745-05-19,season opener,Sports
CERN announced a field research that impacts biology.,Jane Goodall,CERN; NASA,"Cape Town, South Africa",1747-09-15,field research,Science
"Tesla opened a new office in Frankfurt, Germany to expand manufacturing.",Tim Cook,Tesla,"Frankfurt, Germany",1752-01-30,acquisition,Business
Sundar Pichai became CEO of Tesla following the acquisition.,Sundar Pichai; Tim Cook,Tesla,"New York, USA",1734-05-22,acquisition,Business
A breakthrough in robotics was reported by Apple.,Grace Hopper; Sundar Pichai,Apple,"Shenzhen, China",1837-09-19,AI-driven sensors,Technology
"AgriTech Ltd introduced a irrigation technique adoption to improve yields in Iowa, USA.",Norman Borlaug; M. S. Swaminathan,AgriTech Ltd,"Iowa, USA",1983-02-01,irrigation technique adoption,Agriculture
"Researchers at Harvard University reported a particle discovery in Cape Town, South Africa.",Isaac Newton,Harvard University,"Cape Town, South Africa",1664-10-17,particle discovery,Science
"Barack Obama met leaders from United Nations in Washington, USA to discuss policy announcement.",Barack Obama,United Nations,"Washington, USA",1796-01-08,policy announcement,Politics
"Kamala Harris announced policy changes regarding trade at Geneva, Switzerland.",Kamala Harris,European Union,"Geneva, Switzerland",1813-10-29,summit,Politics
FC Barcelona announced a new tournament for 2024-2025.,Cristiano Ronaldo,FC Barcelona,"Madrid, Spain",1845-10-12,tournament,Sports
Sundar Pichai announced a new quantum computing at SpaceX.,Sundar Pichai,SpaceX,"London, UK",1730-01-04,quantum computing,Technology
CERN announced a field research that impacts climatology.,Rosalind Franklin,CERN,"Cape Town, South Africa",1677-06-20,field research,Science
"Vincent van Gogh premiered a exhibition at Madrid, Spain.",Vincent van Gogh; Pablo Picasso,Royal Academy; Tate Modern,"Madrid, Spain",1763-03-18,exhibition,Arts
A study on particle discovery led by Jane Goodall was published on 1500-11-03.,Jane Goodall,Harvard University,"Geneva, Switzerland",1500-11-03,particle discovery,Science
"Samsung opened a new office in Seoul, South Korea to expand manufacturing.",Indra Nooyi,Samsung,"Seoul, South Korea",1984-02-24,restructuring,Business
Intel released a robotics that improves 5G networks.,Marissa Mayer,Intel,"Silicon Valley, USA",1933-12-29,robotics,Technology
restructuring led to restructuring at Tesla.,Tim Cook,Tesla,"New York, USA",1701-09-29,restructuring,Business
"Kamala Harris met leaders from Congress in Washington, USA to discuss policy announcement.",Kamala Harris,Congress,"Washington, USA",1568-07-30,policy announcement,Politics
NBA announced a new season opener for 2023-2024.,Lionel Messi; Cristiano Ronaldo,NBA,"Melbourne, Australia",1522-10-22,season opener,Sports
"M. S. Swaminathan led trials of pest control trial in Lima, Peru.",M. S. Swaminathan; Norman Borlaug,FAO,"Lima, Peru",1858-06-12,pest control trial,Agriculture
"Barack Obama announced policy changes regarding climate at Geneva, Switzerland.",Barack Obama,European Union,"Geneva, Switzerland",1842-04-27,policy announcement,Politics
"Barack Obama met leaders from Parliament in Washington, USA to discuss policy announcement.",Barack Obama; Angela Merkel,Parliament,"Washington, USA",1792-11-30,policy announcement,Politics
"A famous opera by Vincent van Gogh is housed in Tate Modern in Madrid, Spain.",Vincent van Gogh,Tate Modern,"Madrid, Spain",1521-12-23,opera,Arts
"Satya Nadella led the launch of a AI-driven sensors in Silicon Valley, USA.",Satya Nadella,Intel,"Silicon Valley, USA",1587-08-01,AI-driven sensors,Technology
Sundar Pichai became CEO of Reliance Industries following the acquisition.,Sundar Pichai,Reliance Industries; Samsung,"New York, USA",1541-12-19,acquisition,Business
"Researchers at Max Planck Institute reported a field research in Geneva, Switzerland.",Jane Goodall,Max Planck Institute,"Geneva, Switzerland",1912-04-20,field research,Science
Sundar Pichai became CEO of Tesla following the acquisition.,Sundar Pichai,Tesla,"Mumbai, India",1936-01-19,acquisition,Business
"International Rice Research Institute introduced a yield improvement study to improve yields in Punjab, India.",Norman Borlaug,International Rice Research Institute,"Punjab, India",1680-11-10,yield improvement study,Agriculture
A study on climate study led by Albert Einstein was published on 1771-02-18.,Albert Einstein,Harvard University,"Cambridge, UK",1771-02-18,climate study,Science
"Wangari Maathai led trials of irrigation technique adoption in Lima, Peru.",Wangari Maathai,CIMMYT,"Lima, Peru",1664-09-24,irrigation technique adoption,Agriculture
"A summit was passed by Parliament impacting Geneva, Switzerland.",Kamala Harris,Parliament,"Geneva, Switzerland",1834-09-06,summit,Politics
"Rachel Carson led trials of irrigation technique adoption in Punjab, India.",Rachel Carson; M. S. Swaminathan,ICAR,"Punjab, India",1726-06-24,irrigation technique adoption,Agriculture
NBA announced a new tournament for 2022-2023.,Serena Williams,NBA,"Melbourne, Australia",1798-06-14,tournament,Sports
"The expedition marked a turning point in Berlin, Germany's history.",Nelson Mandela,Ottoman Empire,"Berlin, Germany",1515-01-27,expedition,History
"M. S. Swaminathan led trials of yield improvement study in Punjab, India.",M. S. Swaminathan,International Rice Research Institute,"Punjab, India",1871-01-30,yield improvement study,Agriculture
"Pablo Picasso premiered a painting at Madrid, Spain.",Pablo Picasso,Royal Academy,"Madrid, Spain",1726-11-06,painting,Arts
"The battle took place in Delhi, India and involved Roman Senate.",Julius Caesar,Roman Senate,"Delhi, India",1583-08-07,battle,History
"A famous exhibition by Leonardo da Vinci is housed in Metropolitan Opera in New York, USA.",Leonardo da Vinci,Metropolitan Opera; Sydney Opera House,"New York, USA",1525-08-28,exhibition,Arts
"A policy announcement was passed by United Nations impacting Washington, USA.",Angela Merkel,United Nations,"Washington, USA",1703-01-19,policy announcement,Politics
"The uprising took place in Versailles, France and involved Allied Powers.",Cleopatra,Allied Powers,"Versailles, France",1949-11-29,uprising,History
"The season opener in London, UK featured Lionel Messi and NBA.",Lionel Messi; Cristiano Ronaldo,NBA,"London, UK",1631-12-02,season opener,Sports
"Records show uprising happened in Berlin, Germany around 1539-09-02.",Nelson Mandela,Ottoman Empire,"Berlin, Germany",1539-09-02,uprising,History
"Kamala Harris met leaders from Parliament in Geneva, Switzerland to discuss summit.",Kamala Harris,Parliament,"Geneva, Switzerland",1767-10-20,summit,Politics
NASA announced a field research that impacts genetics.,Marie Curie,NASA,"Cambridge, UK",1631-02-12,field research,Science
A study on particle discovery led by Rosalind Franklin was published on 1538-06-17.,Rosalind Franklin,CERN,"Geneva, Switzerland",1538-06-17,particle discovery,Science
Siemens acquired Reliance Industries in a deal valued at $1.2B.,Indra Nooyi,Siemens,"Mumbai, India",2012-08-26,acquisition,Business
"A bill passage was passed by European Union impacting New Delhi, India.",Narendra Modi,European Union,"New Delhi, India",2015-04-01,bill passage,Politics
"Researchers at CERN reported a field research in Cambridge, UK.",Rosalind Franklin,CERN,"Cambridge, UK",1607-03-01,field research,Science
"Sydney Opera House announced restoration of the painting in New York, USA.",Vincent van Gogh,Sydney Opera House,"New York, USA",1927-12-08,painting,Arts
"Records show expedition happened in Constantinople, Turkey around 1757-05-31.",Nelson Mandela,Ottoman Empire,"Constantinople, Turkey",1757-05-31,expedition,History
"The tournament in Madrid, Spain featured M.S. Dhoni and Wimbledon.",M.S. Dhoni; Serena Williams,Wimbledon,"Madrid, Spain",1920-12-12,tournament,Sports
Julius Caesar was a key figure in the Treaty signing.,Julius Caesar,Ottoman Empire,"Constantinople, Turkey",1966-10-03,Treaty signing,History
SpaceX released a robotics that improves 5G networks.,Satya Nadella,SpaceX,"Shenzhen, China",1522-08-29,robotics,Technology
"Records show battle happened in Constantinople, Turkey around 1549-02-10.",Winston Churchill,Allied Powers; Mughal Empire,"Constantinople, Turkey",1549-02-10,battle,History
Max Planck Institute announced a particle discovery that impacts climatology.,Jane Goodall,Max Planck Institute,"Geneva, Switzerland",1891-04-28,particle discovery,Science
"Records show coronation happened in Rome, Italy around 1988-08-07.",Julius Caesar,British Empire,"Rome, Italy",1988-08-07,coronation,History
"Farmers in Lima, Peru adopted irrigation technique adoption developed by ICAR.",Rachel Carson,ICAR,"Lima, Peru",1706-09-16,irrigation technique adoption,Agriculture
"The season opener in London, UK featured Serena Williams and FC Barcelona.",Serena Williams,FC Barcelona,"London, UK",1870-10-13,season opener,Sports
"Norman Borlaug led trials of yield improvement study in Nairobi, Kenya.",Norman Borlaug; Rachel Carson,FAO,"Nairobi, Kenya",1660-12-07,yield improvement study,Agriculture
"Records show coronation happened in Constantinople, Turkey around 1821-08-26.",Cleopatra,Mughal Empire,"Constantinople, Turkey",1821-08-26,coronation,History
Beyoncé exhibited a new exhibition at Tate Modern.,Beyoncé,Tate Modern,"New York, USA",1738-01-27,exhibition,Arts
A breakthrough in 5G networks was reported by OpenAI.,Satya Nadella,OpenAI,"Stockholm, Sweden",1932-08-01,5G networks,Technology
Wimbledon announced a new season opener for 2024-2025.,Lionel Messi,Wimbledon,"Madrid, Spain",1656-10-26,season opener,Sports
"Beyoncé premiered a exhibition at Vienna, Austria.",Beyoncé,Metropolitan Opera,"Vienna, Austria",1892-01-18,exhibition,Arts
Indra Nooyi became CEO of Siemens following the merger.,Indra Nooyi,Siemens,"Mumbai, India",1744-10-09,merger,Business
"The season opener in Madrid, Spain featured Lionel Messi and NBA.",Lionel Messi,NBA; FC Barcelona,"Madrid, Spain",1768-03-03,season opener,Sports
"Norman Borlaug led trials of irrigation technique adoption in Iowa, USA.",Norman Borlaug,AgriTech Ltd; ICAR,"Iowa, USA",1921-02-02,irrigation technique adoption,Agriculture
"Sydney Opera House announced restoration of the opera in Madrid, Spain.",Vincent van Gogh; Pablo Picasso,Sydney Opera House,"Madrid, Spain",1841-11-27,opera,Arts
A breakthrough in AI-driven sensors was reported by Apple.,Sundar Pichai; Marissa Mayer,Apple,"Bengaluru, India",1775-12-25,quantum computing,Technology
"Barack Obama met leaders from Congress in Washington, USA to discuss policy announcement.",Barack Obama,Congress; European Union,"Washington, USA",1740-09-25,policy announcement,Politics
Mahatma Gandhi was a key figure in the Treaty signing.,Mahatma Gandhi,Mughal Empire,"Constantinople, Turkey",1642-02-11,Treaty signing,History
A study by Norman Borlaug showed benefits of pest control trial for soybeans.,Norman Borlaug,CIMMYT,"Nairobi, Kenya",1651-10-23,pest control trial,Agriculture
Samsung acquired Reliance Industries in a deal valued at $15M.,Jamie Dimon,Samsung,"Mumbai, India",1612-07-10,acquisition,Business
A study by M. S. Swaminathan showed benefits of yield improvement study for maize.,M. S. Swaminathan,AgriTech Ltd,"Punjab, India",1893-08-02,yield improvement study,Agriculture
"Wangari Maathai led trials of pest control trial in Iowa, USA.",Wangari Maathai,International Rice Research Institute,"Iowa, USA",1711-12-15,pest control trial,Agriculture
"Researchers at Harvard University reported a field research in Cape Town, South Africa.",Albert Einstein,Harvard University,"Cape Town, South Africa",1828-09-04,field research,Science
merger led to restructuring at Goldman Sachs.,Tim Cook,Goldman Sachs,"New York, USA",1927-10-04,merger,Business
A breakthrough in robotics was reported by SpaceX.,Ada Lovelace,SpaceX,"London, UK",1908-01-29,AI-driven sensors,Technology
Wimbledon announced a new final match for 2022-2023.,Cristiano Ronaldo,Wimbledon,"Madrid, Spain",1599-02-04,final match,Sports
"The season opener in Madrid, Spain featured Cristiano Ronaldo and Wimbledon.",Cristiano Ronaldo,Wimbledon,"Madrid, Spain",1956-04-04,season opener,Sports
Albert Einstein published findings on particle discovery at NASA.,Albert Einstein; Rosalind Franklin,NASA,"Cape Town, South Africa",1743-06-03,particle discovery,Science
"Researchers at NASA reported a field research in Cambridge, UK.",Albert Einstein,NASA,"Cambridge, UK",1798-12-10,field research,Science
"Kamala Harris announced policy changes regarding climate at Washington, USA.",Kamala Harris,Congress,"Washington, USA",1575-07-04,bill passage,Politics
A study by Wangari Maathai showed benefits of yield improvement study for maize.,Wangari Maathai,International Rice Research Institute,"Iowa, USA",1701-04-04,yield improvement study,Agriculture
Google released a 5G networks that improves robotics.,Ada Lovelace,Google,"Bengaluru, India",1654-04-26,5G networks,Technology
A study by Rachel Carson showed benefits of irrigation technique adoption for wheat.,Rachel Carson; George Washington Carver,CIMMYT,"Lima, Peru",1801-12-20,irrigation technique adoption,Agriculture
"Ada Lovelace led the launch of a quantum computing in London, UK.",Ada Lovelace,Microsoft,"London, UK",1960-07-30,quantum computing,Technology
"Siemens opened a new office in Mumbai, India to expand cloud services.",Jamie Dimon,Siemens,"Mumbai, India",1527-11-20,acquisition,Business
"Marissa Mayer led the launch of a robotics in Shenzhen, China.",Marissa Mayer,Microsoft,"Shenzhen, China",1514-02-24,robotics,Technology
Grace Hopper announced a new 5G networks at Apple.,Grace Hopper,Apple,"Stockholm, Sweden",1681-03-12,5G networks,Technology
Wimbledon announced a new tournament for 2022-2023.,Serena Williams,Wimbledon,"London, UK",1689-09-18,tournament,Sports
Indra Nooyi became CEO of Siemens following the IPO.,Indra Nooyi,Siemens,"New York, USA",1875-06-24,IPO,Business
"A summit was passed by Parliament impacting Geneva, Switzerland.",Barack Obama,Parliament,"Geneva, Switzerland",1947-10-30,summit,Politics
Tim Cook became CEO of Samsung following the IPO.,Tim Cook,Samsung,"Mumbai, India",1699-06-30,IPO,Business
"Farmers in Nairobi, Kenya adopted yield improvement study developed by AgriTech Ltd.",Norman Borlaug,AgriTech Ltd,"Nairobi, Kenya",1777-01-02,yield improvement study,Agriculture
Mahatma Gandhi was a key figure in the battle.,Mahatma Gandhi,Mughal Empire,"Rome, Italy",1563-11-06,battle,History
"Records show uprising happened in Constantinople, Turkey around 1537-02-18.",Winston Churchill,Allied Powers,"Constantinople, Turkey",1537-02-18,uprising,History
CERN announced a particle discovery that impacts genetics.,Rosalind Franklin,CERN,"Cape Town, South Africa",1845-03-23,particle discovery,Science
"Researchers at NASA reported a particle discovery in Cape Town, South Africa.",Marie Curie,NASA,"Cape Town, South Africa",1978-12-22,particle discovery,Science
Jane Goodall published findings on field research at CERN.,Jane Goodall,CERN,"Geneva, Switzerland",1838-06-27,field research,Science
"ICAR introduced a irrigation technique adoption to improve yields in Nairobi, Kenya.",M. S. Swaminathan,ICAR,"Nairobi, Kenya",1733-03-10,irrigation technique adoption,Agriculture
Reliance Industries acquired Reliance Industries in a deal valued at $450M.,Sundar Pichai,Reliance Industries,"New York, USA",1576-11-04,acquisition,Business
Sundar Pichai became CEO of Reliance Industries following the merger.,Sundar Pichai; Jamie Dimon,Reliance Industries,"New York, USA",1917-05-27,merger,Business
"A policy announcement was passed by European Union impacting Washington, USA.",Angela Merkel; Kamala Harris,European Union,"Washington, USA",1557-10-01,policy announcement,Politics
"ICAR introduced a irrigation technique adoption to improve yields in Nairobi, Kenya.",Wangari Maathai,ICAR,"Nairobi, Kenya",2014-09-13,irrigation technique adoption,Agriculture
"International Rice Research Institute introduced a irrigation technique adoption to improve yields in Lima, Peru.",Rachel Carson,International Rice Research Institute,"Lima, Peru",2003-08-28,irrigation technique adoption,Agriculture
A study by Wangari Maathai showed benefits of pest control trial for soybeans.,Wangari Maathai,CIMMYT,"Nairobi, Kenya",1920-06-03,pest control trial,Agriculture
"Satya Nadella led the launch of a AI-driven sensors in Shenzhen, China.",Satya Nadella; Sundar Pichai,Google,"Shenzhen, China",1585-04-15,AI-driven sensors,Technology
NBA announced a new season opener for 2022-2023.,M.S. Dhoni,NBA,"London, UK",1996-02-05,season opener,Sports
"Marissa Mayer led the launch of a quantum computing in Bengaluru, India.",Marissa Mayer,OpenAI,"Bengaluru, India",1667-06-07,quantum computing,Technology
Tim Berners-Lee announced a new 5G networks at Google.,Tim Berners-Lee,Google,"London, UK",1779-02-13,5G networks,Technology
Rosalind Franklin published findings on climate study at Max Planck Institute.,Rosalind Franklin; Jane Goodall,Max Planck Institute,"Geneva, Switzerland",1563-11-20,climate study,Science
A study on climate study led by Rosalind Franklin was published on 1980-12-14.,Rosalind Franklin,NASA,"Cambridge, UK",1980-12-14,climate study,Science
"A famous painting by Ludwig van Beethoven is housed in Metropolitan Opera in Paris, France.",Ludwig van Beethoven,Metropolitan Opera,"Paris, France",1543-01-26,painting,Arts
"Rachel Carson led trials of irrigation technique adoption in Lima, Peru.",Rachel Carson,ICAR,"Lima, Peru",1868-09-01,irrigation technique adoption,Agriculture
"Farmers in Punjab, India adopted yield improvement study developed by International Rice Research Institute.",Wangari Maathai,International Rice Research Institute,"Punjab, India",1770-01-31,yield improvement study,Agriculture
"Kamala Harris met leaders from European Union in Washington, USA to discuss summit.",Kamala Harris,European Union; Parliament,"Washington, USA",1520-01-26,summit,Politics
Grace Hopper announced a new AI-driven sensors at Intel.,Grace Hopper,Intel,"Shenzhen, China",1925-04-25,AI-driven sensors,Technology
"Pablo Picasso premiered a symphony at Paris, France.",Pablo Picasso,Tate Modern,"Paris, France",1873-06-26,symphony,Arts
A study on gene sequencing led by Jane Goodall was published on 1749-01-26.,Jane Goodall,Max Planck Institute,"Geneva, Switzerland",1749-01-26,gene sequencing,Science
Indra Nooyi became CEO of Samsung following the merger.,Indra Nooyi,Samsung,"Frankfurt, Germany",1826-03-08,merger,Business
"Sundar Pichai led the launch of a quantum computing in Stockholm, Sweden.",Sundar Pichai,OpenAI,"Stockholm, Sweden",1745-09-30,quantum computing,Technology
"Angela Merkel met leaders from European Union in Washington, USA to discuss policy announcement.",Angela Merkel,European Union,"Washington, USA",1716-05-08,policy announcement,Politics
"Marissa Mayer led the launch of a robotics in Shenzhen, China.",Marissa Mayer,Google,"Shenzhen, China",1534-04-11,robotics,Technology
FC Barcelona announced a new final match for 2022-2023.,M.S. Dhoni,FC Barcelona,"Madrid, Spain",1604-06-16,final match,Sports
"Farmers in Nairobi, Kenya adopted yield improvement study developed by ICAR.",George Washington Carver,ICAR,"Nairobi, Kenya",1912-05-06,yield improvement study,Agriculture
"Farmers in Nairobi, Kenya adopted yield improvement study developed by CIMMYT.",Wangari Maathai,CIMMYT,"Nairobi, Kenya",1691-04-17,yield improvement study,Agriculture
Mary Barra became CEO of Samsung following the acquisition.,Mary Barra,Samsung,"Seoul, South Korea",1564-10-21,acquisition,Business
"Barack Obama announced policy changes regarding climate at Geneva, Switzerland.",Barack Obama,Parliament,"Geneva, Switzerland",1760-12-05,policy announcement,Politics
"Marissa Mayer led the launch of a AI-driven sensors in London, UK.",Marissa Mayer,Apple,"London, UK",1657-01-18,AI-driven sensors,Technology
Marie Curie published findings on particle discovery at CERN.,Marie Curie,CERN,"Geneva, Switzerland",1934-05-01,particle discovery,Science
"A bill passage was passed by Parliament impacting Washington, USA.",Barack Obama,Parliament,"Washington, USA",1512-07-27,bill passage,Politics
Harvard University announced a gene sequencing that impacts physics.,Isaac Newton,Harvard University,"Cambridge, UK",1769-09-26,gene sequencing,Science
"The Treaty signing took place in Berlin, Germany and involved Mughal Empire.",Nelson Mandela,Mughal Empire; British Empire,"Berlin, Germany",1839-01-24,Treaty signing,History
Wimbledon announced a new season opener for 2022-2023.,Cristiano Ronaldo,Wimbledon,"Madrid, Spain",1973-07-31,season opener,Sports
Reliance Industries acquired Goldman Sachs in a deal valued at $450M.,Sundar Pichai,Reliance Industries,"Frankfurt, Germany",1974-12-14,acquisition,Business
"Reliance Industries opened a new office in Mumbai, India to expand cloud services.",Sundar Pichai,Reliance Industries,"Mumbai, India",1772-05-11,restructuring,Business
"Pablo Picasso premiered a installation at Paris, France.",Pablo Picasso,Royal Academy,"Paris, France",1961-07-31,installation,Arts
"Researchers at Harvard University reported a climate study in Cape Town, South Africa.",Jane Goodall,Harvard University; Max Planck Institute,"Cape Town, South Africa",1643-08-24,climate study,Science
Jane Goodall published findings on field research at NASA.,Jane Goodall,NASA,"Cambridge, UK",1774-01-24,field research,Science
"The battle marked a turning point in Berlin, Germany's history.",Winston Churchill,Ottoman Empire,"Berlin, Germany",1971-08-27,battle,History
SpaceX released a edge computing that improves quantum computing.,Marissa Mayer,SpaceX,"Stockholm, Sweden",1799-09-02,edge computing,Technology
Nelson Mandela was a key figure in the expedition.,Nelson Mandela,Ottoman Empire,"Rome, Italy",1893-08-12,expedition,History
"The tournament in Madrid, Spain featured M.S. Dhoni and Wimbledon.",M.S. Dhoni; Cristiano Ronaldo,Wimbledon,"Madrid, Spain",1519-11-14,tournament,Sports
Grace Hopper announced a new 5G networks at Apple.,Grace Hopper,Apple,"Shenzhen, China",1749-08-03,5G networks,Technology
"The Treaty signing marked a turning point in Delhi, India's history.",Winston Churchill,Mughal Empire,"Delhi, India",1582-02-01,Treaty signing,History
"Narendra Modi announced policy changes regarding climate at Geneva, Switzerland.",Narendra Modi,Parliament,"Geneva, Switzerland",1500-06-27,summit,Politics
Siemens acquired Reliance Industries in a deal valued at $1.2B.,Mary Barra,Siemens,"Seoul, South Korea",1592-11-30,acquisition,Business
A breakthrough in 5G networks was reported by SpaceX.,Sundar Pichai,SpaceX,"London, UK",1515-10-21,5G networks,Technology
"Farmers in Punjab, India adopted yield improvement study developed by ICAR.",Wangari Maathai,ICAR,"Punjab, India",1514-12-01,yield improvement study,Agriculture
CERN announced a gene sequencing that impacts genetics.,Albert Einstein,CERN,"Cambridge, UK",1704-06-24,gene sequencing,Science
A study on field research led by Marie Curie was published on 1882-10-03.,Marie Curie,CERN; NASA,"Geneva, Switzerland",1882-10-03,field research,Science
"Angela Merkel announced policy changes regarding healthcare at Geneva, Switzerland.",Angela Merkel,European Union,"Geneva, Switzerland",1990-11-27,summit,Politics
"Marissa Mayer led the launch of a quantum computing in Silicon Valley, USA.",Marissa Mayer,IBM,"Silicon Valley, USA",1982-11-29,quantum computing,Technology
"A summit was passed by Parliament impacting New Delhi, India.",Narendra Modi,Parliament,"New Delhi, India",1648-09-26,summit,Politics
"Narendra Modi announced policy changes regarding healthcare at New Delhi, India.",Narendra Modi,Congress,"New Delhi, India",1967-07-02,summit,Politics
"The coronation took place in Berlin, Germany and involved Ottoman Empire.",Winston Churchill,Ottoman Empire,"Berlin, Germany",1596-01-31,coronation,History
"AgriTech Ltd introduced a irrigation technique adoption to improve yields in Punjab, India.",George Washington Carver,AgriTech Ltd,"Punjab, India",1509-08-05,irrigation technique adoption,Agriculture
NASA announced a field research that impacts biology.,Marie Curie,NASA,"Cambridge, UK",1911-07-13,field research,Science
"The coronation marked a turning point in Berlin, Germany's history.",Mahatma Gandhi,Ottoman Empire,"Berlin, Germany",1959-08-11,coronation,History
"The final match in London, UK featured M.S. Dhoni and NBA.",M.S. Dhoni,NBA,"London, UK",1757-02-15,final match,Sports
"A bill passage was passed by United Nations impacting Washington, USA.",Angela Merkel,United Nations,"Washington, USA",1902-07-07,bill passage,Politics
Tesla acquired Tesla in a deal valued at $15M.,Indra Nooyi,Tesla,"Mumbai, India",2020-08-16,acquisition,Business
"The coronation marked a turning point in Constantinople, Turkey's history.",Julius Caesar,British Empire,"Constantinople, Turkey",1886-08-30,coronation,History
Marissa Mayer announced a new robotics at Apple.,Marissa Mayer,Apple,"Silicon Valley, USA",1764-06-22,robotics,Technology
"Goldman Sachs opened a new office in New York, USA to expand consumer electronics.",Indra Nooyi,Goldman Sachs,"New York, USA",1506-12-02,acquisition,Business
"Farmers in Nairobi, Kenya adopted irrigation technique adoption developed by AgriTech Ltd.",M. S. Swaminathan,AgriTech Ltd,"Nairobi, Kenya",1708-01-30,irrigation technique adoption,Agriculture
"The Treaty signing marked a turning point in Constantinople, Turkey's history.",Cleopatra,Roman Senate,"Constantinople, Turkey",1892-01-20,Treaty signing,History
"Serena Williams led Wimbledon to victory at the tournament in Madrid, Spain.",Serena Williams,Wimbledon,"Madrid, Spain",1989-07-11,tournament,Sports
Jamie Dimon became CEO of Tesla following the acquisition.,Jamie Dimon,Tesla,"Mumbai, India",1658-09-29,acquisition,Business
"AgriTech Ltd introduced a irrigation technique adoption to improve yields in Lima, Peru.",Wangari Maathai,AgriTech Ltd,"Lima, Peru",1923-10-05,irrigation technique adoption,Agriculture
"Records show coronation happened in Delhi, India around 1841-04-20.",Queen Elizabeth I,Roman Senate,"Delhi, India",1841-04-20,coronation,History
"Rachel Carson led trials of pest control trial in Iowa, USA.",Rachel Carson,AgriTech Ltd,"Iowa, USA",1670-05-10,pest control trial,Agriculture
"A summit was passed by European Union impacting Geneva, Switzerland.",Barack Obama,European Union,"Geneva, Switzerland",2008-06-17,summit,Politics
Wimbledon announced a new final match for 2023-2024.,Serena Williams,Wimbledon,"Melbourne, Australia",1856-04-05,final match,Sports
"The final match in Madrid, Spain featured Cristiano Ronaldo and Wimbledon.",Cristiano Ronaldo,Wimbledon,"Madrid, Spain",1661-11-07,final match,Sports
"A famous opera by Pablo Picasso is housed in Sydney Opera House in Madrid, Spain.",Pablo Picasso,Sydney Opera House,"Madrid, Spain",1582-08-01,opera,Arts
"The season opener in London, UK featured M.S. Dhoni and FC Barcelona.",M.S. Dhoni,FC Barcelona,"London, UK",1583-09-10,season opener,Sports
"The final match in Madrid, Spain featured M.S. Dhoni and NBA.",M.S. Dhoni,NBA,"Madrid, Spain",1872-04-15,final match,Sports
CERN announced a climate study that impacts genetics.,Albert Einstein,CERN,"Geneva, Switzerland",1529-04-13,climate study,Science
Isaac Newton published findings on field research at CERN.,Isaac Newton,CERN,"Cambridge, UK",1744-02-29,field research,Science
Max Planck Institute announced a field research that impacts climatology.,Marie Curie,Max Planck Institute,"Cape Town, South Africa",1680-01-12,field research,Science
A breakthrough in edge computing was reported by OpenAI.,Elon Musk,OpenAI,"Bengaluru, India",1914-09-29,robotics,Technology
A study by George Washington Carver showed benefits of yield improvement study for soybeans.,George Washington Carver,International Rice Research Institute,"Punjab, India",1864-06-11,yield improvement study,Agriculture
Indra Nooyi became CEO of Siemens following the restructuring.,Indra Nooyi,Siemens,"Seoul, South Korea",1724-02-02,restructuring,Business
"Grace Hopper led the launch of a 5G networks in Stockholm, Sweden.",Grace Hopper,Microsoft; IBM,"Stockholm, Sweden",1625-02-04,5G networks,Technology
Siemens acquired Samsung in a deal valued at $1.2B.,Tim Cook,Siemens,"Frankfurt, Germany",1681-06-14,acquisition,Business
"A bill passage was passed by Parliament impacting Washington, USA.",Kamala Harris,Parliament,"Washington, USA",1596-02-18,bill passage,Politics
"Researchers at Harvard University reported a field research in Cambridge, UK.",Marie Curie,Harvard University,"Cambridge, UK",1884-05-26,field research,Science
"Angela Merkel announced policy changes regarding climate at Washington, USA.",Angela Merkel,Congress; United Nations,"Washington, USA",1616-08-01,bill passage,Politics
NBA announced a new season opener for 2024-2025.,Serena Williams,NBA,"Madrid, Spain",1740-10-05,season opener,Sports
NBA announced a new season opener for 2023-2024.,Serena Williams,NBA,"London, UK",1796-01-03,season opener,Sports
"Barack Obama met leaders from United Nations in New Delhi, India to discuss policy announcement.",Barack Obama; Kamala Harris,United Nations,"New Delhi, India",1799-06-11,policy announcement,Politics
"A policy announcement was passed by Parliament impacting Geneva, Switzerland.",Barack Obama,Parliament,"Geneva, Switzerland",1528-06-06,policy announcement,Politics
"Researchers at CERN reported a climate study in Cape Town, South Africa.",Marie Curie,CERN,"Cape Town, South Africa",1575-09-07,climate study,Science
"Angela Merkel announced policy changes regarding education at Geneva, Switzerland.",Angela Merkel,Congress,"Geneva, Switzerland",1520-09-26,summit,Politics
"The expedition marked a turning point in Delhi, India's history.",Queen Elizabeth I,Ottoman Empire,"Delhi, India",1978-04-28,expedition,History
Goldman Sachs acquired Siemens in a deal valued at $1.2B.,Tim Cook,Goldman Sachs,"New York, USA",1809-10-18,acquisition,Business
"Records show uprising happened in Delhi, India around 1726-07-15.",Queen Elizabeth I,Roman Senate,"Delhi, India",1726-07-15,uprising,History
merger led to restructuring at Tesla.,Sundar Pichai,Tesla,"Frankfurt, Germany",1606-10-20,merger,Business
"Narendra Modi announced policy changes regarding climate at New Delhi, India.",Narendra Modi; Barack Obama,Congress,"New Delhi, India",1723-10-01,bill passage,Politics
Samsung acquired Tesla in a deal valued at $450M.,Sundar Pichai,Samsung,"New York, USA",1618-08-02,acquisition,Business
Wimbledon announced a new season opener for 2022-2023.,Serena Williams,Wimbledon,"London, UK",1739-01-07,season opener,Sports
"A bill passage was passed by Parliament impacting Washington, USA.",Narendra Modi; Kamala Harris,Parliament,"Washington, USA",1892-02-15,bill passage,Politics
restructuring led to restructuring at Goldman Sachs.,Sundar Pichai,Goldman Sachs,"Frankfurt, Germany",1923-04-05,restructuring,Business
A breakthrough in 5G networks was reported by Intel.,Grace Hopper,Intel,"Silicon Valley, USA",1745-03-25,robotics,Technology
acquisition led to restructuring at Siemens.,Tim Cook,Siemens,"Frankfurt, Germany",1601-07-23,acquisition,Business
Elon Musk announced a new edge computing at IBM.,Elon Musk,IBM,"Bengaluru, India",1870-07-31,edge computing,Technology
A study by Wangari Maathai showed benefits of yield improvement study for maize.,Wangari Maathai,ICAR,"Punjab, India",1539-06-15,yield improvement study,Agriculture
restructuring led to restructuring at Samsung.,Jamie Dimon,Samsung; Goldman Sachs,"New York, USA",1803-02-25,restructuring,Business
"The coronation took place in Rome, Italy and involved British Empire.",Cleopatra,British Empire,"Rome, Italy",1600-09-19,coronation,History
"The expedition marked a turning point in Berlin, Germany's history.",Cleopatra,Roman Senate,"Berlin, Germany",1939-12-13,expedition,History
"Samsung opened a new office in Frankfurt, Germany to expand financial services.",Tim Cook,Samsung,"Frankfurt, Germany",1923-05-04,merger,Business
"Barack Obama met leaders from Parliament in Geneva, Switzerland to discuss bill passage.",Barack Obama; Kamala Harris,Parliament,"Geneva, Switzerland",1893-02-24,bill passage,Politics
A study by Norman Borlaug showed benefits of yield improvement study for maize.,Norman Borlaug,FAO,"Iowa, USA",1856-12-29,yield improvement study,Agriculture
"FAO introduced a pest control trial to improve yields in Nairobi, Kenya.",M. S. Swaminathan,FAO,"Nairobi, Kenya",1968-03-05,pest control trial,Agriculture
Jamie Dimon became CEO of Tesla following the IPO.,Jamie Dimon,Tesla,"Mumbai, India",1857-07-14,IPO,Business
"Researchers at Harvard University reported a field research in Cape Town, South Africa.",Rosalind Franklin,Harvard University,"Cape Town, South Africa",1645-04-19,field research,Science
"Kamala Harris announced policy changes regarding healthcare at New Delhi, India.",Kamala Harris,Parliament,"New Delhi, India",1595-01-22,policy announcement,Politics
"A summit was passed by United Nations impacting Washington, USA.",Kamala Harris,United Nations,"Washington, USA",1818-11-23,summit,Politics
A study by M. S. Swaminathan showed benefits of irrigation technique adoption for soybeans.,M. S. Swaminathan,ICAR,"Iowa, USA",1810-10-25,irrigation technique adoption,Agriculture
"FAO introduced a yield improvement study to improve yields in Iowa, USA.",Rachel Carson,FAO,"Iowa, USA",1950-07-03,yield improvement study,Agriculture
NBA announced a new final match for 2024-2025.,Serena Williams,NBA,"London, UK",1641-05-29,final match,Sports
"Narendra Modi announced policy changes regarding trade at Washington, USA.",Narendra Modi,Congress,"Washington, USA",1584-10-07,policy announcement,Politics
Sundar Pichai became CEO of Reliance Industries following the acquisition.,Sundar Pichai; Mary Barra,Reliance Industries,"Mumbai, India",1929-03-10,acquisition,Business
"The season opener in Madrid, Spain featured Serena Williams and NBA.",Serena Williams,NBA,"Madrid, Spain",1628-03-15,season opener,Sports
Tesla acquired Tesla in a deal valued at $450M.,Indra Nooyi,Tesla,"Frankfurt, Germany",1578-04-29,acquisition,Business
"Samsung opened a new office in Mumbai, India to expand manufacturing.",Indra Nooyi,Samsung,"Mumbai, India",1654-12-30,restructuring,Business
A study by Norman Borlaug showed benefits of irrigation technique adoption for soybeans.,Norman Borlaug,ICAR,"Iowa, USA",1653-10-09,irrigation technique adoption,Agriculture
A breakthrough in AI-driven sensors was reported by Apple.,Sundar Pichai,Apple,"Silicon Valley, USA",1922-12-15,5G networks,Technology
"George Washington Carver led trials of irrigation technique adoption in Nairobi, Kenya.",George Washington Carver,AgriTech Ltd,"Nairobi, Kenya",1501-10-14,irrigation technique adoption,Agriculture
NASA announced a climate study that impacts biology.,Isaac Newton,NASA,"Cambridge, UK",1632-04-10,climate study,Science
"Lionel Messi led NBA to victory at the final match in London, UK.",Lionel Messi,NBA,"London, UK",1500-02-14,final match,Sports
"Researchers at Max Planck Institute reported a particle discovery in Geneva, Switzerland.",Isaac Newton,Max Planck Institute,"Geneva, Switzerland",1654-06-05,particle discovery,Science
"Narendra Modi announced policy changes regarding education at Washington, USA.",Narendra Modi,Congress,"Washington, USA",1851-08-21,summit,Politics
acquisition led to restructuring at Tesla.,Mary Barra,Tesla,"Seoul, South Korea",1525-11-28,acquisition,Business
"Samsung opened a new office in Frankfurt, Germany to expand cloud services.",Tim Cook,Samsung,"Frankfurt, Germany",1887-07-25,merger,Business
A study on climate study led by Isaac Newton was published on 1683-02-14.,Isaac Newton,Harvard University,"Geneva, Switzerland",1683-02-14,climate study,Science
"The tournament in Melbourne, Australia featured M.S. Dhoni and FC Barcelona.",M.S. Dhoni,FC Barcelona,"Melbourne, Australia",1932-04-23,tournament,Sports
"M.S. Dhoni led Team India to victory at the season opener in Madrid, Spain.",M.S. Dhoni,Team India,"Madrid, Spain",1662-05-23,season opener,Sports
"Marissa Mayer led the launch of a AI-driven sensors in Shenzhen, China.",Marissa Mayer,IBM,"Shenzhen, China",1771-05-04,AI-driven sensors,Technology
Rosalind Franklin published findings on particle discovery at Harvard University.,Rosalind Franklin,Harvard University,"Cambridge, UK",1611-02-17,particle discovery,Science
restructuring led to restructuring at Siemens.,Tim Cook,Siemens,"Frankfurt, Germany",1710-05-25,restructuring,Business
"A famous installation by Ludwig van Beethoven is housed in Tate Modern in New York, USA.",Ludwig van Beethoven,Tate Modern,"New York, USA",1558-01-27,installation,Arts
"The final match in London, UK featured M.S. Dhoni and Team India.",M.S. Dhoni,Team India,"London, UK",1576-02-22,final match,Sports
Team India announced a new season opener for 2022-2023.,Lionel Messi,Team India,"Melbourne, Australia",1772-04-16,season opener,Sports
"Researchers at Harvard University reported a field research in Cambridge, UK.",Rosalind Franklin,Harvard University,"Cambridge, UK",1545-08-21,field research,Science
"Records show uprising happened in Versailles, France around 1717-08-11.",Winston Churchill,Allied Powers,"Versailles, France",1717-08-11,uprising,History
"Elon Musk led the launch of a quantum computing in London, UK.",Elon Musk,SpaceX,"London, UK",1559-07-27,quantum computing,Technology
"Researchers at NASA reported a particle discovery in Cambridge, UK.",Marie Curie,NASA; Max Planck Institute,"Cambridge, UK",1707-05-19,particle discovery,Science
"Sundar Pichai led the launch of a 5G networks in Silicon Valley, USA.",Sundar Pichai,IBM,"Silicon Valley, USA",1568-10-29,5G networks,Technology
Sundar Pichai became CEO of Reliance Industries following the IPO.,Sundar Pichai,Reliance Industries; Goldman Sachs,"Seoul, South Korea",1915-09-13,IPO,Business
"The battle marked a turning point in Versailles, France's history.",Julius Caesar,British Empire,"Versailles, France",1861-11-04,battle,History
Queen Elizabeth I was a key figure in the expedition.,Queen Elizabeth I,Roman Senate,"Versailles, France",2024-10-29,expedition,History
"A policy announcement was passed by Parliament impacting Washington, USA.",Narendra Modi,Parliament,"Washington, USA",1636-09-18,policy announcement,Politics
A breakthrough in quantum computing was reported by IBM.,Satya Nadella,IBM,"Stockholm, Sweden",1774-08-14,robotics,Technology
Harvard University announced a climate study that impacts biology.,Marie Curie,Harvard University,"Geneva, Switzerland",1858-09-04,climate study,Science
acquisition led to restructuring at Samsung.,Sundar Pichai,Samsung,"New York, USA",1959-07-11,acquisition,Business
"Sundar Pichai led the launch of a robotics in Shenzhen, China.",Sundar Pichai,Apple,"Shenzhen, China",1856-11-09,robotics,Technology
"Records show battle happened in Delhi, India around 1750-10-07.",Nelson Mandela,Allied Powers,"Delhi, India",1750-10-07,battle,History
"Researchers at Harvard University reported a gene sequencing in Cape Town, South Africa.",Albert Einstein,Harvard University,"Cape Town, South Africa",1739-12-25,gene sequencing,Science
"Researchers at Harvard University reported a field research in Cape Town, South Africa.",Isaac Newton,Harvard University,"Cape Town, South Africa",1930-08-19,field research,Science
"Records show Treaty signing happened in Constantinople, Turkey around 1622-01-17.",Julius Caesar,Ottoman Empire,"Constantinople, Turkey",1622-01-17,Treaty signing,History
"Siemens opened a new office in Frankfurt, Germany to expand consumer electronics.",Sundar Pichai,Siemens,"Frankfurt, Germany",1833-01-16,IPO,Business
"Barack Obama met leaders from Congress in Washington, USA to discuss bill passage.",Barack Obama,Congress,"Washington, USA",1651-09-17,bill passage,Politics
Mary Barra became CEO of Siemens following the merger.,Mary Barra,Siemens,"Frankfurt, Germany",1538-06-29,merger,Business
Team India announced a new season opener for 2023-2024.,M.S. Dhoni,Team India,"Melbourne, Australia",1640-02-17,season opener,Sports
Ludwig van Beethoven exhibited a new exhibition at Sydney Opera House.,Ludwig van Beethoven,Sydney Opera House,"Paris, France",1837-03-04,exhibition,Arts
"Barack Obama announced policy changes regarding climate at Washington, USA.",Barack Obama,European Union,"Washington, USA",1838-08-30,summit,Politics
"A famous exhibition by Vincent van Gogh is housed in Louvre Museum in Vienna, Austria.",Vincent van Gogh; Beyoncé,Louvre Museum; Metropolitan Opera,"Vienna, Austria",1509-08-04,exhibition,Arts
Mary Barra became CEO of Reliance Industries following the acquisition.,Mary Barra,Reliance Industries,"Frankfurt, Germany",1591-05-12,acquisition,Business
"Researchers at NASA reported a particle discovery in Geneva, Switzerland.",Isaac Newton,NASA,"Geneva, Switzerland",1976-05-11,particle discovery,Science
A study by Norman Borlaug showed benefits of yield improvement study for rice.,Norman Borlaug,FAO,"Iowa, USA",1577-02-21,yield improvement study,Agriculture
merger led to restructuring at Goldman Sachs.,Sundar Pichai; Tim Cook,Goldman Sachs,"Frankfurt, Germany",1555-06-28,merger,Business
"Researchers at Harvard University reported a particle discovery in Geneva, Switzerland.",Marie Curie,Harvard University,"Geneva, Switzerland",1552-03-29,particle discovery,Science
"Tesla opened a new office in New York, USA to expand manufacturing.",Jamie Dimon,Tesla,"New York, USA",1736-02-13,restructuring,Business
Pablo Picasso exhibited a new painting at Tate Modern.,Pablo Picasso,Tate Modern,"Madrid, Spain",1878-02-21,painting,Arts
Reliance Industries acquired Reliance Industries in a deal valued at $1.2B.,Mary Barra,Reliance Industries,"Frankfurt, Germany",1887-06-24,acquisition,Business
Pablo Picasso exhibited a new painting at Metropolitan Opera.,Pablo Picasso,Metropolitan Opera,"New York, USA",1544-06-27,painting,Arts
"Ludwig van Beethoven premiered a exhibition at Madrid, Spain.",Ludwig van Beethoven,Royal Academy,"Madrid, Spain",1770-03-04,exhibition,Arts
"The expedition marked a turning point in Berlin, Germany's history.",Cleopatra,Mughal Empire,"Berlin, Germany",1766-06-14,expedition,History
Marissa Mayer announced a new quantum computing at Intel.,Marissa Mayer; Elon Musk,Intel,"London, UK",1559-11-10,quantum computing,Technology
Jamie Dimon became CEO of Siemens following the acquisition.,Jamie Dimon,Siemens,"Frankfurt, Germany",1881-01-20,acquisition,Business
Max Planck Institute announced a climate study that impacts biology.,Rosalind Franklin,Max Planck Institute,"Cambridge, UK",1505-10-12,climate study,Science
"The uprising marked a turning point in Delhi, India's history.",Queen Elizabeth I; Nelson Mandela,Allied Powers,"Delhi, India",1829-06-19,uprising,History
"Louvre Museum announced restoration of the painting in Paris, France.",Frida Kahlo; Beyoncé,Louvre Museum,"Paris, France",1865-07-03,painting,Arts
Isaac Newton published findings on field research at NASA.,Isaac Newton,NASA,"Geneva, Switzerland",1834-06-04,field research,Science
"Lionel Messi led Wimbledon to victory at the final match in London, UK.",Lionel Messi,Wimbledon,"London, UK",1882-06-28,final match,Sports
Wimbledon announced a new season opener for 2023-2024.,Cristiano Ronaldo,Wimbledon,"Madrid, Spain",1501-01-11,season opener,Sports
"Records show coronation happened in Versailles, France around 1515-11-09.",Winston Churchill; Cleopatra,Ottoman Empire,"Versailles, France",1515-11-09,coronation,History
IBM released a AI-driven sensors that improves AI-driven sensors.,Marissa Mayer; Elon Musk,IBM,"Silicon Valley, USA",1786-10-31,AI-driven sensors,Technology
"The coronation took place in Constantinople, Turkey and involved British Empire.",Mahatma Gandhi,British Empire,"Constantinople, Turkey",1845-07-15,coronation,History
"Farmers in Nairobi, Kenya adopted irrigation technique adoption developed by International Rice Research Institute.",George Washington Carver,International Rice Research Institute,"Nairobi, Kenya",2019-08-26,irrigation technique adoption,Agriculture
"Louvre Museum announced restoration of the symphony in Paris, France.",Frida Kahlo,Louvre Museum,"Paris, France",1897-09-21,symphony,Arts
"Tim Berners-Lee led the launch of a robotics in Bengaluru, India.",Tim Berners-Lee,Google,"Bengaluru, India",1774-09-23,robotics,Technology
"Serena Williams led Wimbledon to victory at the final match in Melbourne, Australia.",Serena Williams,Wimbledon,"Melbourne, Australia",1698-09-15,final match,Sports
A study on particle discovery led by Marie Curie was published on 1912-08-20.,Marie Curie,Max Planck Institute,"Cape Town, South Africa",1912-08-20,particle discovery,Science
Albert Einstein published findings on particle discovery at CERN.,Albert Einstein,CERN,"Geneva, Switzerland",1818-09-09,particle discovery,Science
"M. S. Swaminathan led trials of yield improvement study in Iowa, USA.",M. S. Swaminathan,AgriTech Ltd,"Iowa, USA",1885-07-22,yield improvement study,Agriculture
IPO led to restructuring at Samsung.,Jamie Dimon,Samsung,"Seoul, South Korea",1630-07-10,IPO,Business
A study on climate study led by Isaac Newton was published on 1537-01-31.,Isaac Newton,Harvard University,"Cape Town, South Africa",1537-01-31,climate study,Science
"Narendra Modi met leaders from Parliament in Washington, USA to discuss policy announcement.",Narendra Modi; Kamala Harris,Parliament; European Union,"Washington, USA",1971-02-02,policy announcement,Politics
"Farmers in Nairobi, Kenya adopted pest control trial developed by ICAR.",Wangari Maathai,ICAR,"Nairobi, Kenya",1969-06-11,pest control trial,Agriculture
"Grace Hopper led the launch of a robotics in Silicon Valley, USA.",Grace Hopper; Marissa Mayer,IBM,"Silicon Valley, USA",1509-03-15,robotics,Technology
Leonardo da Vinci exhibited a new exhibition at Royal Academy.,Leonardo da Vinci,Royal Academy,"Paris, France",1744-01-03,exhibition,Arts
Albert Einstein published findings on particle discovery at CERN.,Albert Einstein; Marie Curie,CERN,"Geneva, Switzerland",1730-08-15,particle discovery,Science
Marie Curie published findings on field research at Harvard University.,Marie Curie,Harvard University,"Cambridge, UK",1986-10-15,field research,Science
"ICAR introduced a pest control trial to improve yields in Nairobi, Kenya.",Rachel Carson,ICAR,"Nairobi, Kenya",1776-07-25,pest control trial,Agriculture
Mahatma Gandhi was a key figure in the coronation.,Mahatma Gandhi,Roman Senate,"Versailles, France",1628-12-30,coronation,History
"The battle marked a turning point in Berlin, Germany's history.",Winston Churchill,Mughal Empire,"Berlin, Germany",1543-04-14,battle,History
"Records show uprising happened in Delhi, India around 1577-11-19.",Nelson Mandela,Mughal Empire,"Delhi, India",1577-11-19,uprising,History
"Cristiano Ronaldo led NBA to victory at the final match in Melbourne, Australia.",Cristiano Ronaldo,NBA,"Melbourne, Australia",1589-02-12,final match,Sports
"The tournament in Madrid, Spain featured Serena Williams and NBA.",Serena Williams,NBA,"Madrid, Spain",1761-06-14,tournament,Sports
"Royal Academy announced restoration of the symphony in Vienna, Austria.",Beyoncé,Royal Academy,"Vienna, Austria",1774-05-22,symphony,Arts
"Reliance Industries opened a new office in Seoul, South Korea to expand financial services.",Jamie Dimon,Reliance Industries,"Seoul, South Korea",1832-02-12,merger,Business
Elon Musk announced a new robotics at Intel.,Elon Musk,Intel,"Silicon Valley, USA",1588-03-17,robotics,Technology
"Cristiano Ronaldo led NBA to victory at the final match in London, UK.",Cristiano Ronaldo; M.S. Dhoni,NBA,"London, UK",2010-10-25,final match,Sports
"The tournament in Madrid, Spain featured Cristiano Ronaldo and NBA.",Cristiano Ronaldo,NBA,"Madrid, Spain",1864-09-18,tournament,Sports
"Ada Lovelace led the launch of a 5G networks in Bengaluru, India.",Ada Lovelace,Intel,"Bengaluru, India",1546-06-10,5G networks,Technology
"A bill passage was passed by Congress impacting Geneva, Switzerland.",Narendra Modi,Congress; European Union,"Geneva, Switzerland",2019-03-27,bill passage,Politics
"A summit was passed by United Nations impacting Washington, USA.",Kamala Harris,United Nations,"Washington, USA",1640-04-14,summit,Politics
"Rachel Carson led trials of irrigation technique adoption in Punjab, India.",Rachel Carson,FAO,"Punjab, India",1817-12-04,irrigation technique adoption,Agriculture
"A famous exhibition by Frida Kahlo is housed in Metropolitan Opera in New York, USA.",Frida Kahlo; Leonardo da Vinci,Metropolitan Opera,"New York, USA",1779-08-08,exhibition,Arts
A breakthrough in edge computing was reported by OpenAI.,Ada Lovelace,OpenAI; Google,"Stockholm, Sweden",1727-01-28,edge computing,Technology
A study by M. S. Swaminathan showed benefits of yield improvement study for wheat.,M. S. Swaminathan,AgriTech Ltd; ICAR,"Lima, Peru",1778-06-18,yield improvement study,Agriculture
Jamie Dimon became CEO of Reliance Industries following the IPO.,Jamie Dimon,Reliance Industries,"Mumbai, India",1586-03-10,IPO,Business
A breakthrough in robotics was reported by SpaceX.,Tim Berners-Lee,SpaceX,"Silicon Valley, USA",1716-07-29,quantum computing,Technology
"Narendra Modi announced policy changes regarding healthcare at New Delhi, India.",Narendra Modi,Congress,"New Delhi, India",1760-05-14,policy announcement,Politics
"A bill passage was passed by Parliament impacting New Delhi, India.",Barack Obama,Parliament,"New Delhi, India",1548-06-11,bill passage,Politics
A study by Norman Borlaug showed benefits of yield improvement study for soybeans.,Norman Borlaug,CIMMYT,"Punjab, India",1614-01-17,yield improvement study,Agriculture
"The tournament in Madrid, Spain featured Serena Williams and Team India.",Serena Williams; M.S. Dhoni,Team India,"Madrid, Spain",1898-11-09,tournament,Sports
Leonardo da Vinci exhibited a new painting at Sydney Opera House.,Leonardo da Vinci,Sydney Opera House,"Madrid, Spain",1668-05-12,painting,Arts
A study by Norman Borlaug showed benefits of irrigation technique adoption for maize.,Norman Borlaug,FAO,"Lima, Peru",1726-10-12,irrigation technique adoption,Agriculture
restructuring led to restructuring at Samsung.,Mary Barra,Samsung,"Frankfurt, Germany",1998-03-25,restructuring,Business
A breakthrough in robotics was reported by Microsoft.,Elon Musk; Satya Nadella,Microsoft,"Silicon Valley, USA",1792-12-05,5G networks,Technology
"Siemens opened a new office in Seoul, South Korea to expand financial services.",Tim Cook,Siemens,"Seoul, South Korea",1711-06-11,restructuring,Business
A study by Norman Borlaug showed benefits of irrigation technique adoption for wheat.,Norman Borlaug,ICAR; International Rice Research Institute,"Nairobi, Kenya",1672-01-29,irrigation technique adoption,Agriculture
Team India announced a new tournament for 2022-2023.,M.S. Dhoni,Team India,"London, UK",1561-02-02,tournament,Sports
"Barack Obama met leaders from European Union in Geneva, Switzerland to discuss policy announcement.",Barack Obama,European Union,"Geneva, Switzerland",1528-06-19,policy announcement,Politics
"The battle marked a turning point in Rome, Italy's history.",Nelson Mandela,Ottoman Empire,"Rome, Italy",1727-02-06,battle,History
"A bill passage was passed by Parliament impacting Geneva, Switzerland.",Angela Merkel,Parliament,"Geneva, Switzerland",1947-01-11,bill passage,Politics
"A bill passage was passed by Congress impacting New Delhi, India.",Kamala Harris,Congress,"New Delhi, India",1923-12-20,bill passage,Politics
"Cristiano Ronaldo led Team India to victory at the tournament in Madrid, Spain.",Cristiano Ronaldo,Team India,"Madrid, Spain",1748-01-09,tournament,Sports
"The uprising took place in Rome, Italy and involved Roman Senate.",Queen Elizabeth I,Roman Senate,"Rome, Italy",1964-04-17,uprising,History
NBA announced a new final match for 2022-2023.,M.S. Dhoni,NBA,"London, UK",1980-02-04,final match,Sports
"The coronation took place in Delhi, India and involved Roman Senate.",Nelson Mandela,Roman Senate; Allied Powers,"Delhi, India",1913-10-07,coronation,History
"M.S. Dhoni led NBA to victory at the season opener in Melbourne, Australia.",M.S. Dhoni,NBA,"Melbourne, Australia",1699-06-29,season opener,Sports
Marie Curie published findings on climate study at Harvard University.,Marie Curie,Harvard University,"Cambridge, UK",1706-07-21,climate study,Science
"Rachel Carson led trials of irrigation technique adoption in Punjab, India.",Rachel Carson,AgriTech Ltd; CIMMYT,"Punjab, India",1854-01-13,irrigation technique adoption,Agriculture
A study on gene sequencing led by Albert Einstein was published on 1960-05-22.,Albert Einstein,Harvard University,"Cambridge, UK",1960-05-22,gene sequencing,Science
Vincent van Gogh exhibited a new opera at Louvre Museum.,Vincent van Gogh,Louvre Museum,"New York, USA",1591-05-28,opera,Arts
"Kamala Harris announced policy changes regarding education at Washington, USA.",Kamala Harris,United Nations,"Washington, USA",1653-03-04,policy announcement,Politics
"The final match in Melbourne, Australia featured Serena Williams and Team India.",Serena Williams,Team India,"Melbourne, Australia",1600-01-03,final match,Sports
Siemens acquired Tesla in a deal valued at $15M.,Mary Barra,Siemens; Goldman Sachs,"New York, USA",1939-06-27,acquisition,Business
IBM released a AI-driven sensors that improves quantum computing.,Ada Lovelace; Satya Nadella,IBM,"Bengaluru, India",1756-02-15,AI-driven sensors,Technology
"Metropolitan Opera announced restoration of the symphony in New York, USA.",Frida Kahlo,Metropolitan Opera,"New York, USA",1820-06-30,symphony,Arts
Sundar Pichai became CEO of Goldman Sachs following the acquisition.,Sundar Pichai,Goldman Sachs; Tesla,"New York, USA",1753-07-27,acquisition,Business
Leonardo da Vinci exhibited a new installation at Sydney Opera House.,Leonardo da Vinci,Sydney Opera House; Tate Modern,"New York, USA",1705-02-07,installation,Arts
"Serena Williams led Team India to victory at the tournament in Madrid, Spain.",Serena Williams,Team India; FC Barcelona,"Madrid, Spain",1507-08-25,tournament,Sports
"Rachel Carson led trials of yield improvement study in Nairobi, Kenya.",Rachel Carson,CIMMYT,"Nairobi, Kenya",2020-06-10,yield improvement study,Agriculture
"The Treaty signing took place in Constantinople, Turkey and involved Mughal Empire.",Nelson Mandela,Mughal Empire,"Constantinople, Turkey",1609-01-25,Treaty signing,History
OpenAI released a 5G networks that improves robotics.,Tim Berners-Lee,OpenAI,"Bengaluru, India",1808-06-08,5G networks,Technology
"Farmers in Iowa, USA adopted pest control trial developed by ICAR.",George Washington Carver,ICAR,"Iowa, USA",1537-03-03,pest control trial,Agriculture
Marie Curie published findings on gene sequencing at CERN.,Marie Curie,CERN,"Cape Town, South Africa",1866-09-23,gene sequencing,Science
Harvard University announced a climate study that impacts climatology.,Isaac Newton,Harvard University,"Cambridge, UK",1599-10-06,climate study,Science
Vincent van Gogh exhibited a new installation at Sydney Opera House.,Vincent van Gogh,Sydney Opera House,"Madrid, Spain",1677-02-01,installation,Arts
"A famous exhibition by Beyoncé is housed in Sydney Opera House in Paris, France.",Beyoncé,Sydney Opera House,"Paris, France",1729-06-05,exhibition,Arts
"International Rice Research Institute introduced a irrigation technique adoption to improve yields in Punjab, India.",Norman Borlaug,International Rice Research Institute,"Punjab, India",1572-10-25,irrigation technique adoption,Agriculture
"Leonardo da Vinci premiered a exhibition at New York, USA.",Leonardo da Vinci,Royal Academy,"New York, USA",1600-12-05,exhibition,Arts
NBA announced a new final match for 2022-2023.,Lionel Messi,NBA,"Melbourne, Australia",1923-01-24,final match,Sports
Beyoncé exhibited a new symphony at Sydney Opera House.,Beyoncé,Sydney Opera House,"Paris, France",1663-01-02,symphony,Arts
Marie Curie published findings on particle discovery at NASA.,Marie Curie,NASA,"Cambridge, UK",1915-10-03,particle discovery,Science
"Frida Kahlo premiered a symphony at Madrid, Spain.",Frida Kahlo; Ludwig van Beethoven,Tate Modern; Royal Academy,"Madrid, Spain",1528-05-19,symphony,Arts
"A famous painting by Vincent van Gogh is housed in Louvre Museum in Madrid, Spain.",Vincent van Gogh,Louvre Museum; Sydney Opera House,"Madrid, Spain",1668-11-23,painting,Arts
"Farmers in Punjab, India adopted irrigation technique adoption developed by AgriTech Ltd.",Norman Borlaug,AgriTech Ltd,"Punjab, India",1766-06-22,irrigation technique adoption,Agriculture
A breakthrough in edge computing was reported by Apple.,Sundar Pichai,Apple,"Stockholm, Sweden",1639-08-11,AI-driven sensors,Technology
A study by Wangari Maathai showed benefits of irrigation technique adoption for maize.,Wangari Maathai,CIMMYT,"Punjab, India",1702-12-30,irrigation technique adoption,Agriculture
"The expedition took place in Rome, Italy and involved Mughal Empire.",Mahatma Gandhi,Mughal Empire,"Rome, Italy",1646-09-15,expedition,History
A study by Wangari Maathai showed benefits of irrigation technique adoption for wheat.,Wangari Maathai,CIMMYT,"Nairobi, Kenya",1823-02-26,irrigation technique adoption,Agriculture
Indra Nooyi became CEO of Reliance Industries following the restructuring.,Indra Nooyi; Jamie Dimon,Reliance Industries,"Frankfurt, Germany",1979-03-19,restructuring,Business
"Norman Borlaug led trials of pest control trial in Nairobi, Kenya.",Norman Borlaug,CIMMYT,"Nairobi, Kenya",1769-02-15,pest control trial,Agriculture
"Angela Merkel met leaders from United Nations in Washington, USA to discuss summit.",Angela Merkel; Narendra Modi,United Nations,"Washington, USA",1527-10-08,summit,Politics
"Records show coronation happened in Berlin, Germany around 1987-01-02.",Nelson Mandela,Roman Senate; British Empire,"Berlin, Germany",1987-01-02,coronation,History
"Serena Williams led Team India to victory at the final match in Melbourne, Australia.",Serena Williams,Team India,"Melbourne, Australia",1892-12-24,final match,Sports
"The uprising marked a turning point in Berlin, Germany's history.",Cleopatra,Ottoman Empire,"Berlin, Germany",1531-09-22,uprising,History
A study by Wangari Maathai showed benefits of irrigation technique adoption for soybeans.,Wangari Maathai,CIMMYT,"Lima, Peru",1588-12-23,irrigation technique adoption,Agriculture
Albert Einstein published findings on field research at CERN.,Albert Einstein,CERN,"Cape Town, South Africa",1999-06-08,field research,Science
"The final match in London, UK featured Lionel Messi and Team India.",Lionel Messi,Team India,"London, UK",1915-04-06,final match,Sports
Cleopatra was a key figure in the uprising.,Cleopatra,British Empire,"Versailles, France",1960-04-15,uprising,History
"The tournament in London, UK featured M.S. Dhoni and FC Barcelona.",M.S. Dhoni,FC Barcelona,"London, UK",1642-04-01,tournament,Sports
"Narendra Modi announced policy changes regarding climate at New Delhi, India.",Narendra Modi,Congress,"New Delhi, India",1902-06-25,summit,Politics
"Narendra Modi met leaders from Parliament in Geneva, Switzerland to discuss bill passage.",Narendra Modi,Parliament,"Geneva, Switzerland",1824-11-01,bill passage,Politics
"FAO introduced a irrigation technique adoption to improve yields in Nairobi, Kenya.",Norman Borlaug,FAO,"Nairobi, Kenya",1861-08-01,irrigation technique adoption,Agriculture
A study on field research led by Marie Curie was published on 1902-12-07.,Marie Curie,Max Planck Institute,"Cambridge, UK",1902-12-07,field research,Science
Beyoncé exhibited a new installation at Metropolitan Opera.,Beyoncé; Leonardo da Vinci,Metropolitan Opera,"New York, USA",1798-01-06,installation,Arts
A study by M. S. Swaminathan showed benefits of pest control trial for maize.,M. S. Swaminathan,FAO,"Nairobi, Kenya",1735-08-04,pest control trial,Agriculture
"Lionel Messi led Wimbledon to victory at the season opener in Melbourne, Australia.",Lionel Messi,Wimbledon; FC Barcelona,"Melbourne, Australia",1587-02-25,season opener,Sports
IPO led to restructuring at Tesla.,Mary Barra,Tesla,"Seoul, South Korea",1942-09-27,IPO,Business
"Barack Obama announced policy changes regarding trade at Geneva, Switzerland.",Barack Obama,European Union,"Geneva, Switzerland",1554-04-26,summit,Politics
"Researchers at Harvard University reported a particle discovery in Geneva, Switzerland.",Marie Curie,Harvard University,"Geneva, Switzerland",1779-05-09,particle discovery,Science
"Reliance Industries opened a new office in Mumbai, India to expand financial services.",Mary Barra,Reliance Industries,"Mumbai, India",1628-03-23,restructuring,Business
Google released a AI-driven sensors that improves edge computing.,Grace Hopper,Google,"London, UK",1723-08-24,AI-driven sensors,Technology
Jane Goodall published findings on gene sequencing at Max Planck Institute.,Jane Goodall,Max Planck Institute,"Geneva, Switzerland",1542-05-14,gene sequencing,Science
"A famous installation by Leonardo da Vinci is housed in Tate Modern in New York, USA.",Leonardo da Vinci,Tate Modern; Metropolitan Opera,"New York, USA",2013-07-27,installation,Arts
"Farmers in Iowa, USA adopted pest control trial developed by CIMMYT.",M. S. Swaminathan,CIMMYT,"Iowa, USA",1829-08-24,pest control trial,Agriculture
"A famous exhibition by Frida Kahlo is housed in Tate Modern in Vienna, Austria.",Frida Kahlo,Tate Modern,"Vienna, Austria",1515-09-06,exhibition,Arts
Cleopatra was a key figure in the battle.,Cleopatra,Roman Senate; Mughal Empire,"Rome, Italy",1835-02-12,battle,History
"The tournament in Melbourne, Australia featured Lionel Messi and Team India.",Lionel Messi; Cristiano Ronaldo,Team India,"Melbourne, Australia",1987-09-09,tournament,Sports
A study by George Washington Carver showed benefits of irrigation technique adoption for soybeans.,George Washington Carver,CIMMYT,"Punjab, India",1766-05-15,irrigation technique adoption,Agriculture
"Louvre Museum announced restoration of the opera in Vienna, Austria.",Beyoncé,Louvre Museum,"Vienna, Austria",1856-12-20,opera,Arts
"Royal Academy announced restoration of the painting in Madrid, Spain.",Beyoncé,Royal Academy,"Madrid, Spain",1972-01-16,painting,Arts
A breakthrough in robotics was reported by Microsoft.,Sundar Pichai; Elon Musk,Microsoft,"Bengaluru, India",1942-12-12,robotics,Technology
Jane Goodall published findings on particle discovery at NASA.,Jane Goodall,NASA,"Geneva, Switzerland",1706-12-08,particle discovery,Science
Wimbledon announced a new season opener for 2023-2024.,Serena Williams,Wimbledon,"London, UK",1797-03-21,season opener,Sports
"Siemens opened a new office in Mumbai, India to expand consumer electronics.",Indra Nooyi,Siemens,"Mumbai, India",1606-06-19,IPO,Business
"Reliance Industries opened a new office in New York, USA to expand consumer electronics.",Indra Nooyi; Tim Cook,Reliance Industries,"New York, USA",1693-07-13,restructuring,Business
"A policy announcement was passed by United Nations impacting Washington, USA.",Narendra Modi,United Nations,"Washington, USA",1882-07-23,policy announcement,Politics
"Researchers at Max Planck Institute reported a field research in Geneva, Switzerland.",Rosalind Franklin,Max Planck Institute,"Geneva, Switzerland",1800-10-16,field research,Science
"Records show uprising happened in Delhi, India around 1923-05-02.",Cleopatra,Roman Senate,"Delhi, India",1923-05-02,uprising,History
Sundar Pichai became CEO of Tesla following the restructuring.,Sundar Pichai,Tesla,"Frankfurt, Germany",1681-11-23,restructuring,Business
OpenAI released a edge computing that improves AI-driven sensors.,Tim Berners-Lee,OpenAI,"Stockholm, Sweden",1878-10-08,edge computing,Technology
"Cristiano Ronaldo led Wimbledon to victory at the final match in Melbourne, Australia.",Cristiano Ronaldo,Wimbledon,"Melbourne, Australia",1994-01-10,final match,Sports
A breakthrough in edge computing was reported by OpenAI.,Tim Berners-Lee,OpenAI,"Shenzhen, China",2018-12-03,edge computing,Technology
Max Planck Institute announced a field research that impacts genetics.,Marie Curie,Max Planck Institute,"Geneva, Switzerland",1904-10-21,field research,Science
"Lionel Messi led NBA to victory at the tournament in London, UK.",Lionel Messi,NBA,"London, UK",1807-04-21,tournament,Sports
"Ludwig van Beethoven premiered a symphony at Vienna, Austria.",Ludwig van Beethoven,Tate Modern,"Vienna, Austria",1520-05-07,symphony,Arts
"Frida Kahlo premiered a symphony at Vienna, Austria.",Frida Kahlo; Ludwig van Beethoven,Louvre Museum,"Vienna, Austria",1983-10-26,symphony,Arts
"A famous exhibition by Beyoncé is housed in Louvre Museum in Paris, France.",Beyoncé,Louvre Museum,"Paris, France",1996-05-10,exhibition,Arts
Wimbledon announced a new final match for 2022-2023.,Lionel Messi,Wimbledon,"Melbourne, Australia",1843-04-06,final match,Sports
"AgriTech Ltd introduced a irrigation technique adoption to improve yields in Punjab, India.",George Washington Carver,AgriTech Ltd,"Punjab, India",1822-10-22,irrigation technique adoption,Agriculture
A breakthrough in 5G networks was reported by Google.,Sundar Pichai,Google,"Shenzhen, China",1547-11-05,AI-driven sensors,Technology
"International Rice Research Institute introduced a yield improvement study to improve yields in Punjab, India.",Rachel Carson,International Rice Research Institute,"Punjab, India",1638-02-23,yield improvement study,Agriculture
"A summit was passed by Congress impacting Washington, USA.",Narendra Modi,Congress,"Washington, USA",1603-10-07,summit,Politics
Apple released a robotics that improves AI-driven sensors.,Ada Lovelace,Apple,"Silicon Valley, USA",1855-11-14,robotics,Technology
"Norman Borlaug led trials of yield improvement study in Nairobi, Kenya.",Norman Borlaug,ICAR,"Nairobi, Kenya",1579-07-07,yield improvement study,Agriculture
"Frida Kahlo premiered a painting at Vienna, Austria.",Frida Kahlo,Metropolitan Opera,"Vienna, Austria",2004-05-08,painting,Arts
A study by M. S. Swaminathan showed benefits of yield improvement study for rice.,M. S. Swaminathan,ICAR,"Lima, Peru",1640-01-28,yield improvement study,Agriculture
A study by M. S. Swaminathan showed benefits of irrigation technique adoption for wheat.,M. S. Swaminathan,ICAR,"Iowa, USA",1629-03-12,irrigation technique adoption,Agriculture
"The uprising marked a turning point in Rome, Italy's history.",Nelson Mandela,British Empire,"Rome, Italy",2012-07-29,uprising,History
"M.S. Dhoni led NBA to victory at the final match in London, UK.",M.S. Dhoni,NBA,"London, UK",1810-02-21,final match,Sports
"Ludwig van Beethoven premiered a exhibition at New York, USA.",Ludwig van Beethoven,Royal Academy,"New York, USA",1714-10-07,exhibition,Arts
A breakthrough in 5G networks was reported by SpaceX.,Sundar Pichai,SpaceX,"Stockholm, Sweden",1521-02-17,5G networks,Technology
A study on field research led by Rosalind Franklin was published on 1733-08-03.,Rosalind Franklin,CERN; NASA,"Cambridge, UK",1733-08-03,field research,Science
"Elon Musk led the launch of a quantum computing in Bengaluru, India.",Elon Musk; Grace Hopper,Google,"Bengaluru, India",1712-01-20,quantum computing,Technology
"Kamala Harris met leaders from United Nations in Geneva, Switzerland to discuss summit.",Kamala Harris,United Nations,"Geneva, Switzerland",1595-10-23,summit,Politics
Pablo Picasso exhibited a new exhibition at Royal Academy.,Pablo Picasso,Royal Academy,"New York, USA",1595-11-23,exhibition,Arts
"Rachel Carson led trials of yield improvement study in Punjab, India.",Rachel Carson; George Washington Carver,ICAR,"Punjab, India",1968-04-07,yield improvement study,Agriculture
"A famous symphony by Vincent van Gogh is housed in Royal Academy in Paris, France.",Vincent van Gogh,Royal Academy,"Paris, France",2002-03-13,symphony,Arts
Wimbledon announced a new season opener for 2023-2024.,Lionel Messi,Wimbledon,"Madrid, Spain",1654-01-31,season opener,Sports
Max Planck Institute announced a gene sequencing that impacts physics.,Isaac Newton,Max Planck Institute,"Geneva, Switzerland",1915-09-04,gene sequencing,Science
"Louvre Museum announced restoration of the symphony in New York, USA.",Ludwig van Beethoven,Louvre Museum,"New York, USA",1895-06-15,symphony,Arts
"M. S. Swaminathan led trials of yield improvement study in Lima, Peru.",M. S. Swaminathan,FAO,"Lima, Peru",1862-03-20,yield improvement study,Agriculture
Marie Curie published findings on particle discovery at Harvard University.,Marie Curie,Harvard University; CERN,"Geneva, Switzerland",1616-02-09,particle discovery,Science
"Kamala Harris met leaders from Congress in New Delhi, India to discuss bill passage.",Kamala Harris; Narendra Modi,Congress,"New Delhi, India",1882-12-04,bill passage,Politics
"Tesla opened a new office in Seoul, South Korea to expand consumer electronics.",Jamie Dimon; Tim Cook,Tesla,"Seoul, South Korea",1876-01-19,merger,Business
"Beyoncé premiered a painting at Madrid, Spain.",Beyoncé,Sydney Opera House,"Madrid, Spain",1756-12-06,painting,Arts
"A famous exhibition by Vincent van Gogh is housed in Louvre Museum in New York, USA.",Vincent van Gogh,Louvre Museum,"New York, USA",1720-05-12,exhibition,Arts
"The Treaty signing took place in Berlin, Germany and involved British Empire.",Cleopatra,British Empire,"Berlin, Germany",1766-07-30,Treaty signing,History
Pablo Picasso exhibited a new opera at Louvre Museum.,Pablo Picasso,Louvre Museum,"New York, USA",1651-02-09,opera,Arts
"The battle marked a turning point in Constantinople, Turkey's history.",Cleopatra,British Empire,"Constantinople, Turkey",1948-03-29,battle,History
NBA announced a new season opener for 2022-2023.,Serena Williams,NBA,"Madrid, Spain",1534-07-31,season opener,Sports
"Records show coronation happened in Delhi, India around 1674-10-24.",Winston Churchill,Roman Senate,"Delhi, India",1674-10-24,coronation,History
FC Barcelona announced a new tournament for 2024-2025.,Cristiano Ronaldo,FC Barcelona,"Melbourne, Australia",1645-03-13,tournament,Sports
A study on climate study led by Marie Curie was published on 1575-11-05.,Marie Curie; Rosalind Franklin,CERN,"Cambridge, UK",1575-11-05,climate study,Science
Frida Kahlo exhibited a new exhibition at Louvre Museum.,Frida Kahlo; Leonardo da Vinci,Louvre Museum,"Madrid, Spain",1931-09-03,exhibition,Arts
Team India announced a new tournament for 2023-2024.,Serena Williams,Team India,"Melbourne, Australia",1615-03-18,tournament,Sports
Marie Curie published findings on climate study at CERN.,Marie Curie,CERN,"Cape Town, South Africa",1706-05-03,climate study,Science
"The final match in Madrid, Spain featured Lionel Messi and Wimbledon.",Lionel Messi,Wimbledon,"Madrid, Spain",1669-07-24,final match,Sports
"Records show expedition happened in Berlin, Germany around 1511-04-02.",Julius Caesar,Mughal Empire,"Berlin, Germany",1511-04-02,expedition,History
"Lionel Messi led NBA to victory at the final match in Madrid, Spain.",Lionel Messi,NBA,"Madrid, Spain",1972-08-14,final match,Sports
"Researchers at Max Planck Institute reported a particle discovery in Cape Town, South Africa.",Jane Goodall,Max Planck Institute; Harvard University,"Cape Town, South Africa",1923-03-10,particle discovery,Science
Harvard University announced a particle discovery that impacts physics.,Marie Curie,Harvard University,"Cambridge, UK",1580-10-22,particle discovery,Science
Tesla acquired Samsung in a deal valued at $15M.,Indra Nooyi,Tesla,"Seoul, South Korea",1593-02-27,acquisition,Business
A study on climate study led by Rosalind Franklin was published on 1619-08-15.,Rosalind Franklin,CERN,"Cambridge, UK",1619-08-15,climate study,Science
"Sundar Pichai led the launch of a quantum computing in Shenzhen, China.",Sundar Pichai,SpaceX; OpenAI,"Shenzhen, China",1684-06-20,quantum computing,Technology
"The expedition took place in Constantinople, Turkey and involved British Empire.",Nelson Mandela,British Empire,"Constantinople, Turkey",1682-06-29,expedition,History
SpaceX released a quantum computing that improves AI-driven sensors.,Marissa Mayer; Satya Nadella,SpaceX,"London, UK",1629-10-07,quantum computing,Technology
"Barack Obama announced policy changes regarding education at Washington, USA.",Barack Obama,Congress,"Washington, USA",1973-10-20,policy announcement,Politics
Mahatma Gandhi was a key figure in the Treaty signing.,Mahatma Gandhi,Allied Powers,"Rome, Italy",1946-02-15,Treaty signing,History
"The tournament in Melbourne, Australia featured Cristiano Ronaldo and Wimbledon.",Cristiano Ronaldo,Wimbledon,"Melbourne, Australia",1745-09-08,tournament,Sports
A study on field research led by Jane Goodall was published on 2006-12-09.,Jane Goodall,CERN,"Cambridge, UK",2006-12-09,field research,Science
"Researchers at NASA reported a field research in Cambridge, UK.",Jane Goodall,NASA; CERN,"Cambridge, UK",1509-03-08,field research,Science
Indra Nooyi became CEO of Samsung following the acquisition.,Indra Nooyi,Samsung,"Mumbai, India",1644-04-01,acquisition,Business
Reliance Industries acquired Siemens in a deal valued at $1.2B.,Indra Nooyi,Reliance Industries; Siemens,"New York, USA",1715-08-14,acquisition,Business
"Kamala Harris met leaders from Parliament in New Delhi, India to discuss policy announcement.",Kamala Harris,Parliament,"New Delhi, India",1628-03-28,policy announcement,Politics
Goldman Sachs acquired Reliance Industries in a deal valued at $450M.,Indra Nooyi,Goldman Sachs,"New York, USA",1937-01-01,acquisition,Business
